<?xml version="1.0" encoding="UTF-8"?>
<module codename="jp.atr.dni.bmi.desktop.timeline">
    <module_version install_time="1294289993984" last="true" origin="installer" specification_version="1.0">
        <file crc="2020134677" name="config/Modules/jp-atr-dni-bmi-desktop-timeline.xml"/>
        <file crc="340448678" name="gluegen-rt.jar"/>
        <file crc="552058811" name="jogl.all.jar"/>
        <file crc="340448678" name="modules/ext/gluegen-rt.jar"/>
        <file crc="552058811" name="modules/ext/jogl.all.jar"/>
        <file crc="1500789783" name="modules/ext/nativewindow.all.jar"/>
        <file crc="3464407329" name="modules/ext/newt.all.jar"/>
        <file crc="3305592530" name="modules/jp-atr-dni-bmi-desktop-timeline.jar"/>
        <file crc="1381938980" name="modules/lib/gluegen-rt-cdc.jar"/>
        <file crc="340448678" name="modules/lib/gluegen-rt.jar"/>
        <file crc="1702491701" name="modules/lib/jogl.all-noawt.jar"/>
        <file crc="83394176" name="modules/lib/jogl.all.cdc.jar"/>
        <file crc="552058811" name="modules/lib/jogl.all.jar"/>
        <file crc="673665404" name="modules/lib/jogl.awt.jar"/>
        <file crc="2142990299" name="modules/lib/jogl.core.cdc.jar"/>
        <file crc="542961158" name="modules/lib/jogl.core.jar"/>
        <file crc="3907087423" name="modules/lib/jogl.egl.cdc.jar"/>
        <file crc="2760976600" name="modules/lib/jogl.egl.jar"/>
        <file crc="1528868310" name="modules/lib/jogl.gl2es12.cdc.jar"/>
        <file crc="1089750748" name="modules/lib/jogl.gl2es12.jar"/>
        <file crc="4284509370" name="modules/lib/jogl.gldesktop.dbg.jar"/>
        <file crc="1669306894" name="modules/lib/jogl.gldesktop.jar"/>
        <file crc="4294073295" name="modules/lib/jogl.gles1.cdc.jar"/>
        <file crc="601979962" name="modules/lib/jogl.gles1.dbg.cdc.jar"/>
        <file crc="2428124691" name="modules/lib/jogl.gles1.dbg.jar"/>
        <file crc="4219483904" name="modules/lib/jogl.gles1.jar"/>
        <file crc="1263789497" name="modules/lib/jogl.gles2.cdc.jar"/>
        <file crc="2778014595" name="modules/lib/jogl.gles2.dbg.cdc.jar"/>
        <file crc="1945319417" name="modules/lib/jogl.gles2.dbg.jar"/>
        <file crc="3717427389" name="modules/lib/jogl.gles2.jar"/>
        <file crc="1844581233" name="modules/lib/jogl.glu.gldesktop.jar"/>
        <file crc="3132667509" name="modules/lib/jogl.glu.mipmap.cdc.jar"/>
        <file crc="906024784" name="modules/lib/jogl.glu.mipmap.jar"/>
        <file crc="3687012570" name="modules/lib/jogl.glu.tess.cdc.jar"/>
        <file crc="3031859525" name="modules/lib/jogl.glu.tess.jar"/>
        <file crc="1351397556" name="modules/lib/jogl.os.osx.cdc.jar"/>
        <file crc="1952281570" name="modules/lib/jogl.os.osx.jar"/>
        <file crc="1508629325" name="modules/lib/jogl.os.win.cdc.jar"/>
        <file crc="3767381023" name="modules/lib/jogl.os.win.jar"/>
        <file crc="1023772791" name="modules/lib/jogl.os.x11.cdc.jar"/>
        <file crc="1563129869" name="modules/lib/jogl.os.x11.jar"/>
        <file crc="3189977485" name="modules/lib/jogl.sdk.jar"/>
        <file crc="1589256084" name="modules/lib/jogl.test.jar"/>
        <file crc="2409391493" name="modules/lib/jogl.util.awt.jar"/>
        <file crc="502239075" name="modules/lib/jogl.util.cdc.jar"/>
        <file crc="900857425" name="modules/lib/jogl.util.fixedfuncemu.cdc.jar"/>
        <file crc="836790688" name="modules/lib/jogl.util.fixedfuncemu.jar"/>
        <file crc="3075329665" name="modules/lib/jogl.util.gldesktop.jar"/>
        <file crc="755850672" name="modules/lib/jogl.util.jar"/>
        <file crc="4098007397" name="modules/lib/libgluegen-rt.jnilib"/>
        <file crc="4098007397" name="modules/lib/libgluegen-rt.so"/>
        <file crc="2241207541" name="modules/lib/libjogl_desktop.jnilib"/>
        <file crc="2241207541" name="modules/lib/libjogl_desktop.so"/>
        <file crc="3242201123" name="modules/lib/libjogl_es1.jnilib"/>
        <file crc="3242201123" name="modules/lib/libjogl_es1.so"/>
        <file crc="2406166348" name="modules/lib/libjogl_es2.jnilib"/>
        <file crc="2406166348" name="modules/lib/libjogl_es2.so"/>
        <file crc="1151292239" name="modules/lib/libjogl_gl2es12.jnilib"/>
        <file crc="1151292239" name="modules/lib/libjogl_gl2es12.so"/>
        <file crc="3821224133" name="modules/lib/libnativewindow_awt.jnilib"/>
        <file crc="3821224133" name="modules/lib/libnativewindow_awt.so"/>
        <file crc="4081024704" name="modules/lib/libnewt.jnilib"/>
        <file crc="4081024704" name="modules/lib/libnewt.so"/>
        <file crc="2127039597" name="modules/lib/nativewindow.all-noawt.jar"/>
        <file crc="1432978835" name="modules/lib/nativewindow.all.cdc.jar"/>
        <file crc="1500789783" name="modules/lib/nativewindow.all.jar"/>
        <file crc="1626264637" name="modules/lib/nativewindow.awt.jar"/>
        <file crc="2950950704" name="modules/lib/nativewindow.core.cdc.jar"/>
        <file crc="2274842597" name="modules/lib/nativewindow.core.jar"/>
        <file crc="4233253" name="modules/lib/nativewindow.os.x11.cdc.jar"/>
        <file crc="1609460277" name="modules/lib/nativewindow.os.x11.jar"/>
        <file crc="1620892519" name="modules/lib/newt.all-noawt.jar"/>
        <file crc="119770301" name="modules/lib/newt.all.cdc.jar"/>
        <file crc="3464407329" name="modules/lib/newt.all.jar"/>
        <file crc="236329831" name="modules/lib/newt.awt.jar"/>
        <file crc="1272849210" name="modules/lib/newt.broadcomegl.cdc.jar"/>
        <file crc="7862864" name="modules/lib/newt.broadcomegl.jar"/>
        <file crc="920736649" name="modules/lib/newt.core.cdc.jar"/>
        <file crc="2529247671" name="modules/lib/newt.core.jar"/>
        <file crc="3706301961" name="modules/lib/newt.intelgdl.cdc.jar"/>
        <file crc="3706301961" name="modules/lib/newt.intelgdl.jar"/>
        <file crc="1520183655" name="modules/lib/newt.ogl.cdc.jar"/>
        <file crc="794077075" name="modules/lib/newt.ogl.jar"/>
        <file crc="1377992887" name="modules/lib/newt.os.osx.cdc.jar"/>
        <file crc="2138062039" name="modules/lib/newt.os.osx.jar"/>
        <file crc="1039906661" name="modules/lib/newt.os.win.cdc.jar"/>
        <file crc="385217584" name="modules/lib/newt.os.win.jar"/>
        <file crc="216553805" name="modules/lib/newt.os.x11.cdc.jar"/>
        <file crc="2897441868" name="modules/lib/newt.os.x11.jar"/>
        <file crc="1500789783" name="nativewindow.all.jar"/>
        <file crc="3464407329" name="newt.all.jar"/>
    </module_version>
</module>
