<?xml version="1.0" encoding="UTF-8" standalone="no"?>
<module codename="org.netbeans.core.startup/1">
    <module_version install_time="1280356527170" last="false" origin="installer" specification_version="1.25.1">
        <file crc="4218772902" name="core/core.jar"/>
    </module_version>
    <module_version install_time="1294213443604" last="true" origin="NetBeans" specification_version="1.25.4">
        <file crc="3618245036" name="core/locale/core_ja.jar"/>
        <file crc="1896580477" name="core/locale/core_pt_BR.jar"/>
        <file crc="1876511040" name="core/locale/core_zh_CN.jar"/>
        <file crc="178948869" name="core/core.jar"/>
    </module_version>
</module>
