<?xml version="1.0" encoding="UTF-8" standalone="no"?>
<module codename="org.netbeans.core.netigso">
    <module_version install_time="1280356539485" last="false" origin="installer" specification_version="1.4.2">
        <file crc="3723901005" name="config/Modules/org-netbeans-core-netigso.xml"/>
        <file crc="3455797930" name="modules/org-netbeans-core-netigso.jar"/>
    </module_version>
    <module_version install_time="1294213443507" last="true" origin="NetBeans" specification_version="1.4.5">
        <file crc="2543658308" name="modules/locale/org-netbeans-core-netigso_ja.jar"/>
        <file crc="3201416079" name="modules/locale/org-netbeans-core-netigso_pt_BR.jar"/>
        <file crc="2724967544" name="modules/locale/org-netbeans-core-netigso_zh_CN.jar"/>
        <file crc="3723901005" name="config/Modules/org-netbeans-core-netigso.xml"/>
        <file crc="1390506912" name="modules/org-netbeans-core-netigso.jar"/>
    </module_version>
</module>
