<?xml version="1.0" encoding="UTF-8" standalone="no"?>
<module codename="org.netbeans.bootstrap/1">
    <module_version install_time="1280356458435" last="false" origin="installer" specification_version="2.33.1">
        <file crc="3647135650" name="lib/boot.jar"/>
        <file crc="4185135430" name="lib/nbexec"/>
        <file crc="2748362954" name="lib/nbexec.dll"/>
        <file crc="2275537860" name="lib/nbexec.exe"/>
    </module_version>
    <module_version install_time="1294213443374" last="true" origin="NetBeans" specification_version="2.33.4">
        <file crc="1274311680" name="lib/locale/boot_ja.jar"/>
        <file crc="954894465" name="lib/locale/boot_pt_BR.jar"/>
        <file crc="2266960421" name="lib/locale/boot_zh_CN.jar"/>
        <file crc="2607324685" name="lib/boot.jar"/>
        <file crc="4185135430" name="lib/nbexec"/>
        <file crc="2748362954" name="lib/nbexec.dll"/>
        <file crc="2275537860" name="lib/nbexec.exe"/>
    </module_version>
</module>
